{"frames": [

{
	"filename": "coin.png",
	"frame": {"x":152,"y":458,"w":35,"h":35},
	"rotated": false,
	"trimmed": false,
	"spriteSourceSize": {"x":0,"y":0,"w":35,"h":35},
	"sourceSize": {"w":35,"h":35},
	"pivot": {"x":0.5,"y":1}
},
{
	"filename": "fly_dead.png",
	"frame": {"x":189,"y":458,"w":69,"h":32},
	"rotated": false,
	"trimmed": false,
	"spriteSourceSize": {"x":0,"y":0,"w":69,"h":32},
	"sourceSize": {"w":69,"h":32},
	"pivot": {"x":0.5,"y":1}
},
{
	"filename": "fly_fly.png",
	"frame": {"x":164,"y":97,"w":69,"h":31},
	"rotated": false,
	"trimmed": false,
	"spriteSourceSize": {"x":0,"y":0,"w":69,"h":31},
	"sourceSize": {"w":69,"h":31},
	"pivot": {"x":0.5,"y":1}
},
{
	"filename": "fly_normal.png",
	"frame": {"x":260,"y":450,"w":69,"h":32},
	"rotated": false,
	"trimmed": false,
	"spriteSourceSize": {"x":0,"y":0,"w":69,"h":32},
	"sourceSize": {"w":69,"h":32},
	"pivot": {"x":0.5,"y":1}
},
{
	"filename": "shadedDark01.png",
	"frame": {"x":2,"y":164,"w":96,"h":100},
	"rotated": false,
	"trimmed": false,
	"spriteSourceSize": {"x":0,"y":0,"w":96,"h":100},
	"sourceSize": {"w":96,"h":100},
	"pivot": {"x":0.5,"y":1}
},
{
	"filename": "shadedDark07.png",
	"frame": {"x":2,"y":2,"w":160,"h":160},
	"rotated": false,
	"trimmed": false,
	"spriteSourceSize": {"x":0,"y":0,"w":160,"h":160},
	"sourceSize": {"w":160,"h":160},
	"pivot": {"x":0.5,"y":1}
},
{
	"filename": "shadedDark13.png",
	"frame": {"x":2,"y":460,"w":48,"h":48},
	"rotated": false,
	"trimmed": false,
	"spriteSourceSize": {"x":0,"y":0,"w":48,"h":48},
	"sourceSize": {"w":48,"h":48},
	"pivot": {"x":0.5,"y":1}
},
{
	"filename": "shadedDark15.png",
	"frame": {"x":52,"y":460,"w":48,"h":48},
	"rotated": false,
	"trimmed": false,
	"spriteSourceSize": {"x":0,"y":0,"w":48,"h":48},
	"sourceSize": {"w":48,"h":48},
	"pivot": {"x":0.5,"y":1}
},
{
	"filename": "shadedDark30.png",
	"frame": {"x":102,"y":460,"w":48,"h":48},
	"rotated": false,
	"trimmed": false,
	"spriteSourceSize": {"x":0,"y":0,"w":48,"h":48},
	"sourceSize": {"w":48,"h":48},
	"pivot": {"x":0.5,"y":1}
},
{
	"filename": "shadedDark36.png",
	"frame": {"x":228,"y":255,"w":80,"h":80},
	"rotated": false,
	"trimmed": false,
	"spriteSourceSize": {"x":0,"y":0,"w":80,"h":80},
	"sourceSize": {"w":80,"h":80},
	"pivot": {"x":0.5,"y":1}
},
{
	"filename": "slime_dead.png",
	"frame": {"x":152,"y":495,"w":54,"h":8},
	"rotated": false,
	"trimmed": false,
	"spriteSourceSize": {"x":0,"y":0,"w":54,"h":8},
	"sourceSize": {"w":54,"h":8},
	"pivot": {"x":0.5,"y":1}
},
{
	"filename": "slime_normal.png",
	"frame": {"x":164,"y":130,"w":43,"h":28},
	"rotated": false,
	"trimmed": false,
	"spriteSourceSize": {"x":0,"y":0,"w":43,"h":28},
	"sourceSize": {"w":43,"h":28},
	"pivot": {"x":0.5,"y":1}
},
{
	"filename": "slime_walk.png",
	"frame": {"x":260,"y":484,"w":43,"h":26},
	"rotated": false,
	"trimmed": false,
	"spriteSourceSize": {"x":0,"y":0,"w":43,"h":26},
	"sourceSize": {"w":43,"h":26},
	"pivot": {"x":0.5,"y":1}
},
{
	"filename": "walk0001.png",
	"frame": {"x":222,"y":355,"w":68,"h":93},
	"rotated": false,
	"trimmed": true,
	"spriteSourceSize": {"x":4,"y":3,"w":68,"h":93},
	"sourceSize": {"w":75,"h":96},
	"pivot": {"x":0.5,"y":1}
},
{
	"filename": "walk0002.png",
	"frame": {"x":164,"y":2,"w":68,"h":93},
	"rotated": false,
	"trimmed": true,
	"spriteSourceSize": {"x":4,"y":3,"w":68,"h":93},
	"sourceSize": {"w":75,"h":96},
	"pivot": {"x":0.5,"y":1}
},
{
	"filename": "walk0003.png",
	"frame": {"x":2,"y":363,"w":71,"h":95},
	"rotated": false,
	"trimmed": true,
	"spriteSourceSize": {"x":2,"y":1,"w":71,"h":95},
	"sourceSize": {"w":75,"h":96},
	"pivot": {"x":0.5,"y":1}
},
{
	"filename": "walk0004.png",
	"frame": {"x":2,"y":266,"w":73,"h":95},
	"rotated": false,
	"trimmed": true,
	"spriteSourceSize": {"x":1,"y":0,"w":73,"h":95},
	"sourceSize": {"w":75,"h":96},
	"pivot": {"x":0.5,"y":1}
},
{
	"filename": "walk0005.png",
	"frame": {"x":77,"y":266,"w":73,"h":94},
	"rotated": false,
	"trimmed": true,
	"spriteSourceSize": {"x":1,"y":0,"w":73,"h":94},
	"sourceSize": {"w":75,"h":96},
	"pivot": {"x":0.5,"y":1}
},
{
	"filename": "walk0006.png",
	"frame": {"x":152,"y":260,"w":74,"h":93},
	"rotated": false,
	"trimmed": true,
	"spriteSourceSize": {"x":1,"y":0,"w":74,"h":93},
	"sourceSize": {"w":75,"h":96},
	"pivot": {"x":0.5,"y":1}
},
{
	"filename": "walk0007.png",
	"frame": {"x":147,"y":362,"w":73,"h":94},
	"rotated": false,
	"trimmed": true,
	"spriteSourceSize": {"x":1,"y":0,"w":73,"h":94},
	"sourceSize": {"w":75,"h":96},
	"pivot": {"x":0.5,"y":1}
},
{
	"filename": "walk0008.png",
	"frame": {"x":75,"y":363,"w":70,"h":95},
	"rotated": false,
	"trimmed": true,
	"spriteSourceSize": {"x":3,"y":1,"w":70,"h":95},
	"sourceSize": {"w":75,"h":96},
	"pivot": {"x":0.5,"y":1}
},
{
	"filename": "walk0009.png",
	"frame": {"x":100,"y":164,"w":68,"h":94},
	"rotated": false,
	"trimmed": true,
	"spriteSourceSize": {"x":4,"y":2,"w":68,"h":94},
	"sourceSize": {"w":75,"h":96},
	"pivot": {"x":0.5,"y":1}
},
{
	"filename": "walk0010.png",
	"frame": {"x":234,"y":2,"w":68,"h":93},
	"rotated": false,
	"trimmed": true,
	"spriteSourceSize": {"x":4,"y":3,"w":68,"h":93},
	"sourceSize": {"w":75,"h":96},
	"pivot": {"x":0.5,"y":1}
},
{
	"filename": "walk0011.png",
	"frame": {"x":170,"y":160,"w":68,"h":93},
	"rotated": false,
	"trimmed": true,
	"spriteSourceSize": {"x":4,"y":3,"w":68,"h":93},
	"sourceSize": {"w":75,"h":96},
	"pivot": {"x":0.5,"y":1}
}],
"meta": {
	"app": "http://www.codeandweb.com/texturepacker",
	"version": "1.0",
	"image": "texture.png",
	"format": "RGBA8888",
	"size": {"w":512,"h":512},
	"scale": "1",
	"smartupdate": "$TexturePacker:SmartUpdate:ac019fcd0ba7926222d8a5f768d84ba8:8b853337f3ed4c9f277651acc6a8511c:88db1022cd6b660616541d2788fcd4f7$"
}
}
