{"frames": [

{
	"filename": "blue_button02",
	"frame": {"x":1,"y":256,"w":190,"h":49},
	"rotated": false,
	"trimmed": false,
	"spriteSourceSize": {"x":0,"y":0,"w":190,"h":49},
	"sourceSize": {"w":190,"h":49},
	"pivot": {"x":0,"y":0}
},
{
	"filename": "blue_button13",
	"frame": {"x":1,"y":205,"w":190,"h":49},
	"rotated": false,
	"trimmed": false,
	"spriteSourceSize": {"x":0,"y":0,"w":190,"h":49},
	"sourceSize": {"w":190,"h":49},
	"pivot": {"x":0,"y":0}
},
{
	"filename": "green_button00",
	"frame": {"x":1,"y":358,"w":190,"h":49},
	"rotated": false,
	"trimmed": false,
	"spriteSourceSize": {"x":0,"y":0,"w":190,"h":49},
	"sourceSize": {"w":190,"h":49},
	"pivot": {"x":0,"y":0}
},
{
	"filename": "green_button02",
	"frame": {"x":1,"y":154,"w":190,"h":49},
	"rotated": false,
	"trimmed": false,
	"spriteSourceSize": {"x":0,"y":0,"w":190,"h":49},
	"sourceSize": {"w":190,"h":49},
	"pivot": {"x":0,"y":0}
},
{
	"filename": "green_button04",
	"frame": {"x":1,"y":409,"w":190,"h":49},
	"rotated": false,
	"trimmed": false,
	"spriteSourceSize": {"x":0,"y":0,"w":190,"h":49},
	"sourceSize": {"w":190,"h":49},
	"pivot": {"x":0,"y":0}
},
{
	"filename": "green_button13",
	"frame": {"x":1,"y":307,"w":190,"h":49},
	"rotated": false,
	"trimmed": false,
	"spriteSourceSize": {"x":0,"y":0,"w":190,"h":49},
	"sourceSize": {"w":190,"h":49},
	"pivot": {"x":0,"y":0}
},
{
	"filename": "grey_button05",
	"frame": {"x":1,"y":52,"w":195,"h":49},
	"rotated": false,
	"trimmed": false,
	"spriteSourceSize": {"x":0,"y":0,"w":195,"h":49},
	"sourceSize": {"w":195,"h":49},
	"pivot": {"x":0,"y":0}
},
{
	"filename": "grey_button06",
	"frame": {"x":193,"y":103,"w":191,"h":49},
	"rotated": false,
	"trimmed": false,
	"spriteSourceSize": {"x":0,"y":0,"w":191,"h":49},
	"sourceSize": {"w":191,"h":49},
	"pivot": {"x":0,"y":0}
},
{
	"filename": "grey_button14",
	"frame": {"x":193,"y":307,"w":190,"h":49},
	"rotated": false,
	"trimmed": false,
	"spriteSourceSize": {"x":0,"y":0,"w":190,"h":49},
	"sourceSize": {"w":190,"h":49},
	"pivot": {"x":0,"y":0}
},
{
	"filename": "grey_button15",
	"frame": {"x":193,"y":1,"w":190,"h":49},
	"rotated": false,
	"trimmed": false,
	"spriteSourceSize": {"x":0,"y":0,"w":190,"h":49},
	"sourceSize": {"w":190,"h":49},
	"pivot": {"x":0,"y":0}
},
{
	"filename": "red_button01",
	"frame": {"x":193,"y":358,"w":190,"h":49},
	"rotated": false,
	"trimmed": false,
	"spriteSourceSize": {"x":0,"y":0,"w":190,"h":49},
	"sourceSize": {"w":190,"h":49},
	"pivot": {"x":0,"y":0}
},
{
	"filename": "red_button10",
	"frame": {"x":193,"y":205,"w":190,"h":49},
	"rotated": false,
	"trimmed": false,
	"spriteSourceSize": {"x":0,"y":0,"w":190,"h":49},
	"sourceSize": {"w":190,"h":49},
	"pivot": {"x":0,"y":0}
},
{
	"filename": "red_button11",
	"frame": {"x":193,"y":409,"w":190,"h":49},
	"rotated": false,
	"trimmed": false,
	"spriteSourceSize": {"x":0,"y":0,"w":190,"h":49},
	"sourceSize": {"w":190,"h":49},
	"pivot": {"x":0,"y":0}
},
{
	"filename": "red_button13",
	"frame": {"x":1,"y":1,"w":190,"h":49},
	"rotated": false,
	"trimmed": false,
	"spriteSourceSize": {"x":0,"y":0,"w":190,"h":49},
	"sourceSize": {"w":190,"h":49},
	"pivot": {"x":0,"y":0}
},
{
	"filename": "yellow_button00",
	"frame": {"x":1,"y":103,"w":190,"h":49},
	"rotated": false,
	"trimmed": false,
	"spriteSourceSize": {"x":0,"y":0,"w":190,"h":49},
	"sourceSize": {"w":190,"h":49},
	"pivot": {"x":0,"y":0}
},
{
	"filename": "yellow_button02",
	"frame": {"x":193,"y":154,"w":190,"h":49},
	"rotated": false,
	"trimmed": false,
	"spriteSourceSize": {"x":0,"y":0,"w":190,"h":49},
	"sourceSize": {"w":190,"h":49},
	"pivot": {"x":0,"y":0}
},
{
	"filename": "yellow_button04",
	"frame": {"x":198,"y":52,"w":190,"h":49},
	"rotated": false,
	"trimmed": false,
	"spriteSourceSize": {"x":0,"y":0,"w":190,"h":49},
	"sourceSize": {"w":190,"h":49},
	"pivot": {"x":0,"y":0}
},
{
	"filename": "yellow_button13",
	"frame": {"x":193,"y":256,"w":190,"h":49},
	"rotated": false,
	"trimmed": false,
	"spriteSourceSize": {"x":0,"y":0,"w":190,"h":49},
	"sourceSize": {"w":190,"h":49},
	"pivot": {"x":0,"y":0}
}],
"meta": {
	"app": "http://www.codeandweb.com/texturepacker",
	"version": "1.0",
	"image": "UI_Assets-2.png",
	"format": "RGBA8888",
	"size": {"w":512,"h":512},
	"scale": "1",
	"smartupdate": "$TexturePacker:SmartUpdate:b28166e6a4cee359ec852c92cb7ddd12:9b74ecbd05a68429ea009da231f6aae1:507dbefcbb166b6309cf762e5cd0774c$"
}
}
