{"frames": [

{
	"filename": "blue_button00",
	"frame": {"x":193,"y":403,"w":190,"h":49},
	"rotated": false,
	"trimmed": false,
	"spriteSourceSize": {"x":0,"y":0,"w":190,"h":49},
	"sourceSize": {"w":190,"h":49},
	"pivot": {"x":0,"y":0}
},
{
	"filename": "blue_button01",
	"frame": {"x":1,"y":168,"w":190,"h":45},
	"rotated": false,
	"trimmed": false,
	"spriteSourceSize": {"x":0,"y":0,"w":190,"h":45},
	"sourceSize": {"w":190,"h":45},
	"pivot": {"x":0,"y":0}
},
{
	"filename": "blue_button03",
	"frame": {"x":1,"y":74,"w":190,"h":45},
	"rotated": false,
	"trimmed": false,
	"spriteSourceSize": {"x":0,"y":0,"w":190,"h":45},
	"sourceSize": {"w":190,"h":45},
	"pivot": {"x":0,"y":0}
},
{
	"filename": "blue_button04",
	"frame": {"x":1,"y":403,"w":190,"h":49},
	"rotated": false,
	"trimmed": false,
	"spriteSourceSize": {"x":0,"y":0,"w":190,"h":49},
	"sourceSize": {"w":190,"h":49},
	"pivot": {"x":0,"y":0}
},
{
	"filename": "blue_button05",
	"frame": {"x":193,"y":215,"w":190,"h":45},
	"rotated": false,
	"trimmed": false,
	"spriteSourceSize": {"x":0,"y":0,"w":190,"h":45},
	"sourceSize": {"w":190,"h":45},
	"pivot": {"x":0,"y":0}
},
{
	"filename": "dropdownBottom",
	"frame": {"x":1,"y":27,"w":190,"h":24},
	"rotated": false,
	"trimmed": false,
	"spriteSourceSize": {"x":0,"y":0,"w":190,"h":24},
	"sourceSize": {"w":190,"h":24},
	"pivot": {"x":0,"y":0}
},
{
	"filename": "dropdownMid",
	"frame": {"x":1,"y":1,"w":190,"h":24},
	"rotated": false,
	"trimmed": false,
	"spriteSourceSize": {"x":0,"y":0,"w":190,"h":24},
	"sourceSize": {"w":190,"h":24},
	"pivot": {"x":0,"y":0}
},
{
	"filename": "dropdownTop",
	"frame": {"x":193,"y":1,"w":190,"h":24},
	"rotated": false,
	"trimmed": false,
	"spriteSourceSize": {"x":0,"y":0,"w":190,"h":24},
	"sourceSize": {"w":190,"h":24},
	"pivot": {"x":0,"y":0}
},
{
	"filename": "green_button01",
	"frame": {"x":1,"y":356,"w":190,"h":45},
	"rotated": false,
	"trimmed": false,
	"spriteSourceSize": {"x":0,"y":0,"w":190,"h":45},
	"sourceSize": {"w":190,"h":45},
	"pivot": {"x":0,"y":0}
},
{
	"filename": "green_button03",
	"frame": {"x":193,"y":262,"w":190,"h":45},
	"rotated": false,
	"trimmed": false,
	"spriteSourceSize": {"x":0,"y":0,"w":190,"h":45},
	"sourceSize": {"w":190,"h":45},
	"pivot": {"x":0,"y":0}
},
{
	"filename": "green_button05",
	"frame": {"x":193,"y":168,"w":190,"h":45},
	"rotated": false,
	"trimmed": false,
	"spriteSourceSize": {"x":0,"y":0,"w":190,"h":45},
	"sourceSize": {"w":190,"h":45},
	"pivot": {"x":0,"y":0}
},
{
	"filename": "grey_button00",
	"frame": {"x":193,"y":356,"w":190,"h":45},
	"rotated": false,
	"trimmed": false,
	"spriteSourceSize": {"x":0,"y":0,"w":190,"h":45},
	"sourceSize": {"w":190,"h":45},
	"pivot": {"x":0,"y":0}
},
{
	"filename": "grey_button01",
	"frame": {"x":193,"y":454,"w":190,"h":49},
	"rotated": false,
	"trimmed": false,
	"spriteSourceSize": {"x":0,"y":0,"w":190,"h":49},
	"sourceSize": {"w":190,"h":49},
	"pivot": {"x":0,"y":0}
},
{
	"filename": "grey_button02",
	"frame": {"x":1,"y":309,"w":190,"h":45},
	"rotated": false,
	"trimmed": false,
	"spriteSourceSize": {"x":0,"y":0,"w":190,"h":45},
	"sourceSize": {"w":190,"h":45},
	"pivot": {"x":0,"y":0}
},
{
	"filename": "grey_button03",
	"frame": {"x":1,"y":454,"w":190,"h":49},
	"rotated": false,
	"trimmed": false,
	"spriteSourceSize": {"x":0,"y":0,"w":190,"h":49},
	"sourceSize": {"w":190,"h":49},
	"pivot": {"x":0,"y":0}
},
{
	"filename": "grey_button04",
	"frame": {"x":193,"y":74,"w":190,"h":45},
	"rotated": false,
	"trimmed": false,
	"spriteSourceSize": {"x":0,"y":0,"w":190,"h":45},
	"sourceSize": {"w":190,"h":45},
	"pivot": {"x":0,"y":0}
},
{
	"filename": "red_button00",
	"frame": {"x":1,"y":121,"w":190,"h":45},
	"rotated": false,
	"trimmed": false,
	"spriteSourceSize": {"x":0,"y":0,"w":190,"h":45},
	"sourceSize": {"w":190,"h":45},
	"pivot": {"x":0,"y":0}
},
{
	"filename": "red_button02",
	"frame": {"x":193,"y":27,"w":190,"h":45},
	"rotated": false,
	"trimmed": false,
	"spriteSourceSize": {"x":0,"y":0,"w":190,"h":45},
	"sourceSize": {"w":190,"h":45},
	"pivot": {"x":0,"y":0}
},
{
	"filename": "red_button12",
	"frame": {"x":1,"y":215,"w":190,"h":45},
	"rotated": false,
	"trimmed": false,
	"spriteSourceSize": {"x":0,"y":0,"w":190,"h":45},
	"sourceSize": {"w":190,"h":45},
	"pivot": {"x":0,"y":0}
},
{
	"filename": "yellow_button01",
	"frame": {"x":193,"y":121,"w":190,"h":45},
	"rotated": false,
	"trimmed": false,
	"spriteSourceSize": {"x":0,"y":0,"w":190,"h":45},
	"sourceSize": {"w":190,"h":45},
	"pivot": {"x":0,"y":0}
},
{
	"filename": "yellow_button03",
	"frame": {"x":193,"y":309,"w":190,"h":45},
	"rotated": false,
	"trimmed": false,
	"spriteSourceSize": {"x":0,"y":0,"w":190,"h":45},
	"sourceSize": {"w":190,"h":45},
	"pivot": {"x":0,"y":0}
},
{
	"filename": "yellow_button05",
	"frame": {"x":1,"y":262,"w":190,"h":45},
	"rotated": false,
	"trimmed": false,
	"spriteSourceSize": {"x":0,"y":0,"w":190,"h":45},
	"sourceSize": {"w":190,"h":45},
	"pivot": {"x":0,"y":0}
}],
"meta": {
	"app": "http://www.codeandweb.com/texturepacker",
	"version": "1.0",
	"image": "UI_Assets-1.png",
	"format": "RGBA8888",
	"size": {"w":512,"h":512},
	"scale": "1",
	"smartupdate": "$TexturePacker:SmartUpdate:b28166e6a4cee359ec852c92cb7ddd12:9b74ecbd05a68429ea009da231f6aae1:507dbefcbb166b6309cf762e5cd0774c$"
}
}
